{"stats":{"minecraft:custom":{"minecraft:sprint_one_cm":1974,"minecraft:time_since_rest":178069,"minecraft:walk_one_cm":24598,"minecraft:total_world_time":178081,"minecraft:leave_game":5,"minecraft:fly_one_cm":95764,"minecraft:crouch_one_cm":1436,"minecraft:damage_dealt":80,"minecraft:sneak_time":1096,"minecraft:play_time":178069,"minecraft:jump":98,"minecraft:time_since_death":178069},"minecraft:used":{"minecraft:dark_oak_sign":2,"minecraft:sponge":33,"minecraft:oak_sign":6,"minecraft:oak_button":12,"minecraft:player_head":3,"minecraft:redstone":6,"minecraft:command_block":12,"minecraft:white_stained_glass":1,"minecraft:glow_ink_sac":4,"minecraft:dirt":8,"minecraft:bedrock":21,"minecraft:cobblestone":7},"minecraft:picked_up":{"minecraft:dropper":8,"minecraft:dirt":40,"minecraft:cobblestone":1,"minecraft:stripped_birch_wood":64,"minecraft:stone":10,"minecraft:player_head":8,"minecraft:redstone":1,"minecraft:arrow":5,"minecraft:gray_shulker_box":1,"minecraft:stone_brick_wall":16,"minecraft:oak_button":2,"minecraft:bread":2,"minecraft:resin_brick":44,"minecraft:mangrove_planks":8,"minecraft:rabbit_foot":24,"minecraft:ender_pearl":2,"minecraft:resin_brick_slab":32,"minecraft:sand":6,"minecraft:orange_carpet":8,"minecraft:elytra":1,"minecraft:emerald":32}},"DataVersion":4440}